{
      "type": "separator",
      "name": "op extractor",
      "description": "just op.",
       "itemCapacity": 9999,
      "results": [
            {"item": "phase-fabric", "amount": 500},
            {"item": "surge-alloy", "amount": 500},
			{"item": "plastanium", "amount": 500},
            {"item": "titanium", "amount": 500},
			{"item": "lead", "amount": 500},
			{"item": "copper", "amount": 500},
      ]
      "size": 3,
      "craftTime": 0.1,
      "updateEffect": "smeltsmoke",  "requirements": [
            { "item": "copper", "amount": 1 }
      ],
      "category": "crafting",
      "research": "solar-panel",
      "idleSound": "respawning",
      "idleSoundVolume": 0.5
}
