{
	"type": "Revenant",
	"name": "Supreme Lich",
	"description": "Also known as Triplich.
Those usually come from zones with high amounts of thorium.
Exceptional deadliness.",
  "drag": 0.15,
	"speed": 0.05,
	"mass": 80,
	"hitsize": 70,
	"health": 20000,
  "flying": true,
	"rotateWeapon": true,
	"engineOffset": 35,
	"engineSize": 30,
	"rotatespeed": 0.10,
	"baseRotateSpeed": 0.163,
	"shootCone": 60,
	"weapon": {
		"name": "supreme-missiles",
		"length": 4,
		"width": 35,
		"reload": 60,
    "shots": 20,
    "shootcone": 140,
    "shotDelay": 1,
		"alternate": true,
    "velocityRnd": 0.4,
    "spacing": 1,
    "shootSound": "artillery",
		"bullet":{
			"type": "MissileBulletType",
      "bulletWidth": 8,
      "speed": 4,
      "damage": 100000,
      "bulletHeight": 8,
      "bulletShrink": 0,
      "drag": -0.003,
      "homingRange": 100,
      "keepVelocity": false,
      "splashDamageRadius": 25,
      "splashDamage": 20,
      "lifetime": 60,
      "trailColor": "ff0000",
      "backColor": "ff9340",
      "frontColor": "fc6f03",
      "hitEffect": "blastExplosion",
      "despawnEffect": "blastExplosion",
      "weaveScale": 6,
      "weaveMag": 1
		}
	}
}
